Player,Player ID
Reduxx,8419
cortezia,5395
johnqt,1265
Victor,261
JonahP,4581
Less,8447
mwzera,939
saadhak,727
silentzz,11921
Dantedeu5,41135
valyn,3885
BABYBAY,2170
trent,15500
jawgemo,3993
leaf,7873
zekken,4004
tex,1818
Verno,21668
Mazino,7603
aspas,8480
bang,3880
Cryocells,4147
Asuna,601
vora,20140
Timotino,29893
supamen,826
Okeanos,8373
dgzin,8873
C0M,619
bao,34400
Rossy,1129
keznit,2462
P0PPIN,21778
Demon1,26171
Eggsterr,35302
lukxo,28716
Darker,10557
Virtyy,3983
cauanzin,6193
Bati,5203
OXY,18796
Xeppaa,7871
v1c,17433
Zellsis,729
penny,7716
Neon,29243
kiNgg,8549
spike,21661
blowz,21251
Sato,21659
alym,48025
nerve,754
artzin,5957
koalanoob,3722
eeiu,796
brawk,2172
Ethan,11225
keiko,11494
mada,5132
skuba,11118
Jerrwin,34057
erde,29242
Jackk,44842
Paincakes,2164
zerona,14048
Notexxd,39021
Veqaj,12928
kaajak,9554
crashies,4
Alfajer,9810
Boaster,438
echo,49346
Favian,41720
nekky,12670
Izzy,10160
audaz,40843
kamo,14681
nAts,457
purp0,1885
wayne,24628
MiniBoo,18350
dos9,16215
LewN,20144
N4RRATE,36245
SUYGETSU,2858
Avez,5654
Derke,5022
PROFEK,5554
Sayonara,33902
Jamppi,9780
Chronicle,458
westside,34684
Flickless,6959
Cloud,4181
ara,11332
grubinho,5550
Minny,23169
marteen,10307
GLYPH,8286
starxo,565
bipo,18400
sociablEE,5568
xeus,12793
KROSTALY,15735
s0pp,39357
yetujey,8369
Boo,1144
benjyfishy,29873
RieNs,10971
ComeBack,40591
Wo0t,21328
Ruxic,18677
hiro,29867
Filu,4544
chloric,15639
Kolosha,37925
Rosé,5565
Loita,24344
Crewen,12795
lovers rock,40935
Lar0k,31305
seven,8376
al0rante,5292
cNed,573
NINJA,28948
qpert,7105
koshmaras,23365
Desmo,195
CyvOph,13258
Lakia,773
t3xture,9196
Foxy9,11600
Karon,34974
ZynX,51099
PatMen,13744
Autumn,872
xavi8k,7754
Kr1stal,5796
UdoTan,4428
Meteor,13039
iZu,29833
BuZz,804
Munchkin,2489
stax,485
C1ndeR,2149
XuNa,42733
oonzmlp,34926
Zexy,37532
Klaus,4426
Ivy,31829
Francis,31828
Dambi,31827
Xross,42772
Rb,488
Jinggg,7378
something,17086
f0rsakeN,9801
invy,8504
d4v41,9803
primmie,25255
Killua,13784
Crws,3977
JitBoyS,13788
Leviathan,27254
Akame,13002
Meiy,6672
SSeeS,21438
Caedye,29841
yatsuka,29843
kellyS,7437
Sylvan,4056
JessieVash,2334
BerserX,4874
Rimuru,48439
HYUNMIN,28400
free1ng,1916
MaKo,4462
BeYN,4678
yong,51238
Jemkin,24895
crazyguy,1430
Monyet,8497
Kushy,4866
xffero,4871
Absol,34776
SugarZ3ro,6668
eKo,1960
SyouTa,12990
Xdll,25221
Ash,25017
KiTae,62402
Zeus,46135
Hermes,17049
Coco,47629
Spitfires,4881
Haodong,4720
lucas,19677
Dynamite,42235
f4ngeer,21216
Shr1mp,25494
iamgrq,58959
K1ra,46748
Septem7,3031
Ezeir,46460
qiutiaN,43007
swagzor,45492
GREEN,34181
GuanG,41054
ZmjjKK,3520
Jieni7,51244
Smoggy,4742
CHICHOO,15559
nobody,3017
zhe,49476
stew,16924
jkuro,3519
Yuicaw,11218
coconut,12365
AAAAY,19530
BerLIN,7857
KovaQ,7987
Ben1Ley,55823
Setrod,50025
SpiritZ1,31753
vo0kashu,3741
Life,3028
Nicc,11524
Flex1n,4705
WsLeo,24308
Rarga,22047
NoMan,11527
happywei,37927
Lysoar,37489
Spring,14125
jowa,19292
glacier,49973
yosemite,6022
SiuFatBB,7849
deLb,10821
Abo,5011
Viva,36415
Xlele,54487
Kai,37494
rushia,48878
nephh,10698
Knight,4774
whzy,4885
yilai,62947
slowly,41739
Scales,39485
splash,36685
Erv,55085
sword9,3049
Youze,46040
Bai,52101
cb,39697
Au1,55038
Inspire,53
pANcada,683
benG,38857
mta,36169
NagZ,1294
infiltrator,9063
Governor,3980
PxS,13823
Kyu,30470
Shao,384
sheydos,1428
MrFaliN,8044
baha,10114
sturNN,12226
d3mur,16447
UNFAKE,4521
Kicks,11134
TenTen,29839
thyy,42901
FengF,4770
LuoK1ng,3045
sScary,4382
heybay,4712
OBONE,36670
bud,56260
Akeman,52904
Biank,3021
